question,Choice1,Choice2,Choice3,Choice4,Answer
What legal right ensures children's access to education?,Right to Work Act,Right to Education Act,Child Labor Protection Act,Juvenile Justice Act,2
At what age can children typically begin working legally in most jurisdictions?,14,16,18,Depends on parental consent,1
Which of the following is a legal protection for children against abuse and neglect?,Child Welfare Act,Child Employment Act,Child Entertainment Act,Child Health and Safety Act,1
What age is generally considered the age of criminal responsibility in many jurisdictions?,12,16,18,21,1
What is the legal term for the legal process where a child is granted adult status and independence?,Independence decree,Adult status grant,Emancipation,Juvenile liberation,3
What legal right ensures children's access to healthcare?,Child Health Act,Children's Access to Healthcare Act,Child Welfare Act,Child Protection Act,1
Which legal act protects children from discrimination based on disability?,Child Disability Act,Children's Rights Act,Individuals with Disabilities Education Act,Juvenile Justice Act,3
What legal right ensures children's right to privacy?,Child Privacy Act,Juvenile Privacy Act,Children's Online Privacy Protection Act (COPPA),Right to Privacy Act,3
What legal protection ensures children's access to basic needs such as food clothing and shelter?,Child Welfare Act,Child Necessities Act,Children's Basic Needs Act,Child Protection    Act,1
Which legal term refers to the legal process by which a child is removed from their parents' custody due to abuse or neglect?,Child Welfare Removal,Child Abandonment Process,Child Protective Services Intervention,Foster Care Placement,4
Which legal act protects children from labor exploitation and hazardous work conditions?,Child Labor Act,Child Exploitation Prevention Act,Fair Labor Standards Act,Child Protection Act,3
What legal term refers to the legal process through which a child is legally recognized as a member of a family?,Child Adoption,Child Placement,Child Custody,Child Legalization,1
What legal right ensures children's access to legal representation in legal proceedings?,Child Advocacy Act,Children's Legal Representation Act,Juvenile Justice Act,Child Protection Act,3
What legal term refers to the legal process by which a child is declared legally incompetent and in need of a guardian?,Child Guardianship,Child Dependency,Child Incapacity Declaration,Child Custody Determination,2
What legal right ensures children's access to recreational activities and play?,Child Recreation Act,Children's Right to Play Act,Child Welfare Act,Juvenile Entertainment Act,2
Which legal term refers to the legal process through which a child's custody is granted to someone other than the biological parents?,Child Custody Transfer,Child Guardianship,Child Custody Modification,Child Custody Placement,2
What legal protection ensures children's access to a safe and healthy environment?,Child Safety Act,Child Protection Act,Child Welfare Act,Child Health and Safety Act,2
What legal term refers to the legal process through which a child is temporarily placed under the care of a foster family?,Child Foster Placement,Child Temporary Custody,Child Respite Care,Child Protective Custody,4
What legal act protects children from online exploitation and abuse?,Child Internet Safety Act,Child Protection Online Act,Children's Online Privacy Protection Act (COPPA),Child Cybersecurity Act,3
Which legal term refers to the legal process through which a child's custody is shared between both parents after separation or divorce?,Child Joint Custody,Child Shared Custody,Child Co-Parenting Agreement,Child Custody Arrangement,1
What legal right ensures children's access to adequate nutrition?,Child Nutrition Act,Child Food Security Act,Children's Right to Nutrition Act,Child Hunger Prevention Act,1
What legal term refers to the legal process through which a child is placed in the care of relatives or close family friends?,Child Kinship Placement,Child Relative Placement,Child Family Placement,Child Familiar Placement,1
What legal right ensures children's access to legal aid and assistance?,Child Legal Representation Act,Child Advocacy Act,Children's Legal Aid Act,Juvenile Justice Act,4
Which legal term refers to the legal process through which a child's biological parents' rights are terminated?,Child Termination,Parental Rights Termination,Child Disinheritance,Parental Custody Relinquishment,2
What legal right ensures children's access to mental health services?,Child Mental Health Act,Children's Right to Counseling Act,Child Welfare Act,Juvenile Mental Health Services Act,1
What legal term refers to the legal process through which a child is removed from their home due to abuse or neglect?,Child Protective Custody,Child Removal Procedure,Child Welfare Removal,Child Protective Services Intervention,3
What legal right ensures children's access to religious freedom?,Child Religious Freedom Act,Children's Right to Worship Act,Child Protection Act,Juvenile Religious Liberties Act,1
What legal term refers to the legal process through which a child is placed in the care of the state due to parental incapacity or neglect?,Child State Custody,Child Protective Custody,Child Dependency,Child Guardianship,2
What legal right ensures children's access to clean water and sanitation?,Child Clean Water Act,Children's Right to Clean Water and Sanitation Act,Child Health and Safety Act,Child Environmental Protection Act,2